#Tools,ToolInfo,Frame#,PortHandle,Face#,TransformStatus,Q0,Qx,Qy,Qz,Tx,Ty,Tz,Error,#Markers
1,NDI-MF2 s/n:3A444400,6,Port:10,0,Missing,,,,,,,,,0
1,NDI-MF2 s/n:3A444400,14,Port:10,0,Missing,,,,,,,,,0
1,NDI-MF2 s/n:3A444400,22,Port:10,0,Enabled,0.550488,0.667407,0.395333,-0.308615,9.11032,0.366827,-106.847,2.65677,0
1,NDI-MF2 s/n:3A444400,30,Port:10,0,Enabled,0.550122,0.669155,0.396309,-0.304198,8.83391,-0.165637,-107.001,2.65627,0
1,NDI-MF2 s/n:3A444400,38,Port:10,0,Enabled,0.549944,0.670184,0.398322,-0.299591,8.48024,-0.793667,-107.258,2.66294,0
1,NDI-MF2 s/n:3A444400,46,Port:10,0,Enabled,0.549274,0.671988,0.399154,-0.295644,8.21133,-1.56159,-107.513,2.66523,0
1,NDI-MF2 s/n:3A444400,54,Port:10,0,Enabled,0.548756,0.673494,0.400239,-0.291688,8.06903,-2.14518,-107.609,2.66239,0
1,NDI-MF2 s/n:3A444400,62,Port:10,0,Enabled,0.548635,0.673988,0.402367,-0.287821,7.9392,-2.7738,-107.731,2.66472,0
1,NDI-MF2 s/n:3A444400,70,Port:10,0,Enabled,0.548087,0.674993,0.404259,-0.283832,7.78631,-3.73841,-107.953,2.66809,0
1,NDI-MF2 s/n:3A444400,78,Port:10,0,Enabled,0.547824,0.676216,0.406647,-0.277954,7.72743,-4.59445,-108.095,2.66469,0
1,NDI-MF2 s/n:3A444400,86,Port:10,0,Enabled,0.547533,0.67642,0.410301,-0.27261,7.5179,-5.44444,-108.293,2.67193,0
1,NDI-MF2 s/n:3A444400,94,Port:10,0,Enabled,0.546927,0.67762,0.412261,-0.267848,7.49032,-6.41772,-108.477,2.67125,0
1,NDI-MF2 s/n:3A444400,102,Port:10,0,Enabled,0.546573,0.67767,0.416225,-0.262256,7.42551,-7.53905,-108.664,2.67616,0
1,NDI-MF2 s/n:3A444400,110,Port:10,0,Enabled,0.545665,0.678822,0.418779,-0.257052,7.43743,-8.69215,-108.842,2.67604,0
1,NDI-MF2 s/n:3A444400,118,Port:10,0,Enabled,0.545021,0.679469,0.422559,-0.250437,7.43936,-9.74566,-109.027,2.67877,0
1,NDI-MF2 s/n:3A444400,126,Port:10,0,Enabled,0.544486,0.679835,0.425994,-0.244722,7.37467,-11.0724,-109.325,2.68127,0
1,NDI-MF2 s/n:3A444400,134,Port:10,0,Enabled,0.543389,0.681396,0.428288,-0.23874,7.66886,-12.3526,-109.498,2.67773,0
1,NDI-MF2 s/n:3A444400,142,Port:10,0,Enabled,0.541936,0.680782,0.43448,-0.232527,8.09334,-13.7489,-109.547,2.68049,0
1,NDI-MF2 s/n:3A444400,150,Port:10,0,Enabled,0.541414,0.678296,0.441747,-0.227258,8.68901,-15.3277,-109.567,2.68157,0
1,NDI-MF2 s/n:3A444400,158,Port:10,0,Enabled,0.540501,0.676669,0.447201,-0.223581,9.35586,-16.7327,-109.523,2.68159,0
1,NDI-MF2 s/n:3A444400,166,Port:10,0,Enabled,0.539159,0.674572,0.453144,-0.221181,10.1857,-17.8943,-109.316,2.68144,0
1,NDI-MF2 s/n:3A444400,174,Port:10,0,Enabled,0.537565,0.671982,0.459672,-0.21947,11.6421,-19.0281,-108.947,2.67861,0
1,NDI-MF2 s/n:3A444400,182,Port:10,0,Enabled,0.536165,0.666009,0.470239,-0.21871,13.0917,-20.546,-108.463,2.68039,0
1,NDI-MF2 s/n:3A444400,190,Port:10,0,Enabled,0.533196,0.662319,0.478457,-0.219349,14.65,-21.9583,-108.069,2.67536,0
1,NDI-MF2 s/n:3A444400,198,Port:10,0,Enabled,0.530144,0.65869,0.485793,-0.221539,16.0329,-22.6845,-107.621,2.67707,0
1,NDI-MF2 s/n:3A444400,206,Port:10,0,Enabled,0.527778,0.654488,0.490981,-0.228106,17.4784,-22.5934,-106.94,2.67791,0
1,NDI-MF2 s/n:3A444400,214,Port:10,0,Enabled,0.526466,0.649786,0.494161,-0.237522,19.0828,-22.0497,-106.118,2.67571,0
1,NDI-MF2 s/n:3A444400,222,Port:10,0,Enabled,0.526349,0.643447,0.497856,-0.247127,20.6433,-21.4328,-105.23,2.67454,0
1,NDI-MF2 s/n:3A444400,230,Port:10,0,Enabled,0.52654,0.636376,0.502424,-0.255641,22.182,-20.7193,-104.443,2.67501,0
1,NDI-MF2 s/n:3A444400,238,Port:10,0,Enabled,0.527374,0.629371,0.505557,-0.264919,23.6844,-19.8953,-103.645,2.67519,0
1,NDI-MF2 s/n:3A444400,246,Port:10,0,Enabled,0.528448,0.621998,0.508323,-0.274717,25.1555,-18.8213,-102.811,2.67539,0
1,NDI-MF2 s/n:3A444400,254,Port:10,0,Enabled,0.530459,0.614523,0.510213,-0.284005,26.405,-17.6746,-102.06,2.67711,0
1,NDI-MF2 s/n:3A444400,262,Port:10,0,Enabled,0.533579,0.606425,0.512322,-0.291666,27.417,-16.3435,-101.398,2.67877,0
1,NDI-MF2 s/n:3A444400,270,Port:10,0,Enabled,0.534298,0.603009,0.509881,-0.301544,28.288,-15.0841,-100.814,2.67525,0
1,NDI-MF2 s/n:3A444400,278,Port:10,0,Enabled,0.535541,0.598768,0.508885,-0.309368,28.8064,-13.7496,-100.212,2.67235,0
1,NDI-MF2 s/n:3A444400,286,Port:10,0,Enabled,0.539765,0.591216,0.510009,-0.314655,29.1809,-12.2842,-99.8437,2.68053,0
1,NDI-MF2 s/n:3A444400,294,Port:10,0,Enabled,0.541259,0.588641,0.506522,-0.322452,29.5601,-10.6994,-99.5312,2.68194,0
1,NDI-MF2 s/n:3A444400,302,Port:10,0,Enabled,0.543224,0.58793,0.501442,-0.328332,29.9892,-9.34173,-99.564,2.68845,0
1,NDI-MF2 s/n:3A444400,310,Port:10,0,Enabled,0.539445,0.593815,0.490227,-0.340676,30.0384,-7.99241,-99.3176,2.67616,0
1,NDI-MF2 s/n:3A444400,318,Port:10,0,Enabled,0.538557,0.593649,0.483795,-0.351397,29.6774,-6.39681,-98.7654,2.65979,0
1,NDI-MF2 s/n:3A444400,326,Port:10,0,Enabled,0.541074,0.59122,0.47996,-0.356845,29.5551,-4.69005,-98.618,2.66124,0
1,NDI-MF2 s/n:3A444400,334,Port:10,0,Enabled,0.542184,0.592031,0.473965,-0.361791,29.486,-3.1236,-98.6965,2.66338,0
1,NDI-MF2 s/n:3A444400,342,Port:10,0,Enabled,0.542688,0.593754,0.466308,-0.368107,29.0811,-1.55165,-98.644,2.65712,0
1,NDI-MF2 s/n:3A444400,350,Port:10,0,Enabled,0.543531,0.596636,0.457334,-0.373424,28.4681,0.0737834,-98.7756,2.65557,0
1,NDI-MF2 s/n:3A444400,358,Port:10,0,Enabled,0.54464,0.599821,0.447727,-0.378316,27.7157,1.85067,-98.911,2.65185,0
1,NDI-MF2 s/n:3A444400,366,Port:10,0,Enabled,0.544889,0.603923,0.436642,-0.384338,26.9295,3.61442,-99.0832,2.65046,0
1,NDI-MF2 s/n:3A444400,374,Port:10,0,Enabled,0.545633,0.606887,0.426645,-0.389805,26.2117,5.24751,-99.2266,2.64715,0
1,NDI-MF2 s/n:3A444400,382,Port:10,0,Enabled,0.545557,0.610928,0.417174,-0.393829,25.5094,6.83757,-99.4731,2.64631,0
1,NDI-MF2 s/n:3A444400,390,Port:10,0,Enabled,0.54607,0.614634,0.408097,-0.39685,24.8232,8.31062,-99.762,2.64618,0
1,NDI-MF2 s/n:3A444400,398,Port:10,0,Enabled,0.546226,0.618007,0.397515,-0.402103,23.9035,9.67172,-99.9015,2.64565,0
